{"cameraMode":{"drawMode":0,"name":"Shaded","section":"Shading Mode"},"sceneLighting":false,"audioPlay":false,"sceneViewState":{"showFog":true,"showMaterialUpdate":false,"showSkybox":true,"showFlares":true,"showImageEffects":true,"showParticleSystems":true},"in2DMode":false,"pivot":{"x":0.05935128033161163,"y":1.0620293617248536,"z":0.5066459774971008},"rotation":{"x":0.21799354255199433,"y":-0.20749366283416749,"z":0.047490209341049197,"w":0.9524549841880798},"size":7.5554375648498539,"orthographic":false}